<?xml version="1.0"?>
<config>
    <default>
        <web>
            <unsecure>
                <base_url>https://m2freshcommerce234.m2.d.ayko.com/</base_url>
                <base_link_url>{{unsecure_base_url}}</base_link_url>
                <base_static_url>{{unsecure_base_url}}static/</base_static_url>
                <base_media_url>{{unsecure_base_url}}media/</base_media_url>
            </unsecure>
            <secure>
                <base_url>https://m2freshcommerce234.m2.d.ayko.com/</base_url>
                <base_link_url>{{secure_base_url}}</base_link_url>
                <base_static_url>{{secure_base_url}}static/</base_static_url>
                <base_media_url>{{secure_base_url}}media/</base_media_url>
                <use_in_frontend>1</use_in_frontend>
                <use_in_adminhtml>1</use_in_adminhtml>
            </secure>
            <cookie>
                <cookie_domain>m2freshcommerce234.m2.d.ayko.com</cookie_domain>
            </cookie>
        </web>
        <system>
            <log>
                <error_email>cron+m2freshcommerce234.m2.d.ayko.com@ayko.com</error_email>
            </log>
            <cron>
                <error_email>cron+m2freshcommerce234.m2.d.ayko.com@ayko.com</error_email>
            </cron>
        </system>
        <smile_elasticsuite_core_base_settings>
            <indices_settings>
                <alias>m2freshcommerce234_m2_d</alias>
            </indices_settings>
            <es_client>
                <servers>m2.elasticsearch.5.x.staging.vrtxcloud.com:9200</servers>
            </es_client>
        </smile_elasticsuite_core_base_settings>
    </default>
</config>
